{
    "Ar36": {
        "error": 0.00035905493375153023, 
        "filter_outliers_dict": {
            "filter_outliers": true, 
            "iterations": 1, 
            "std_devs": 2
        }, 
        "fit": "Linear", 
        "value": 0.0294581377039759
    }, 
    "Ar37": {
        "error": 0.01075659621435627, 
        "filter_outliers_dict": {
            "filter_outliers": true, 
            "iterations": 1, 
            "std_devs": 2
        }, 
        "fit": "linear", 
        "value": 0.48357116784970516
    }, 
    "Ar38": {
        "error": 0.00505075253371263, 
        "filter_outliers_dict": {
            "filter_outliers": true, 
            "iterations": 1, 
            "std_devs": 2
        }, 
        "fit": "linear", 
        "value": 3.4065895373206736
    }, 
    "Ar39": {
        "error": 0.03221621800887238, 
        "filter_outliers_dict": {
            "filter_outliers": true, 
            "iterations": 1, 
            "std_devs": 2
        }, 
        "fit": "Linear", 
        "value": 267.39115462707355
    }, 
    "Ar40": {
        "error": 0.14129192328780657, 
        "filter_outliers_dict": {
            "filter_outliers": true, 
            "iterations": 1, 
            "std_devs": 2
        }, 
        "fit": "Linear", 
        "value": 2223.6898323736123
    }, 
    "PM41": {
        "error": 0.0739107723418009, 
        "filter_outliers_dict": {
            "filter_outliers": false, 
            "iterations": 1, 
            "std_devs": 2
        }, 
        "fit": "linear", 
        "value": -0.030971367454234826
    }
}