{
    "Ar36": {
        "error": 0.0003301540914532323, 
        "filter_outliers_dict": {
            "filter_outliers": true, 
            "iterations": 1, 
            "std_devs": 2
        }, 
        "fit": "Linear", 
        "value": 0.012797975273597674
    }, 
    "Ar37": {
        "error": 0.010150358657267771, 
        "filter_outliers_dict": {
            "filter_outliers": true, 
            "iterations": 1, 
            "std_devs": 2
        }, 
        "fit": "linear", 
        "value": 0.556126664744752
    }, 
    "Ar38": {
        "error": 0.005010529706082445, 
        "filter_outliers_dict": {
            "filter_outliers": true, 
            "iterations": 1, 
            "std_devs": 2
        }, 
        "fit": "linear", 
        "value": 1.623133993086366
    }, 
    "Ar39": {
        "error": 0.02076985829069097, 
        "filter_outliers_dict": {
            "filter_outliers": true, 
            "iterations": 1, 
            "std_devs": 2
        }, 
        "fit": "Linear", 
        "value": 126.76626438283442
    }, 
    "Ar40": {
        "error": 0.03877827697348007, 
        "filter_outliers_dict": {
            "filter_outliers": true, 
            "iterations": 1, 
            "std_devs": 2
        }, 
        "fit": "Linear", 
        "value": 532.8142558647008
    }, 
    "PM41": {
        "error": 0.06412248851441726, 
        "filter_outliers_dict": {
            "filter_outliers": false, 
            "iterations": 1, 
            "std_devs": 2
        }, 
        "fit": "linear", 
        "value": -0.14141686256134978
    }
}