{
    "Ar36": {
        "error": 0.00033932529709108163, 
        "filter_outliers_dict": {
            "filter_outliers": true, 
            "iterations": 1, 
            "std_devs": 2
        }, 
        "fit": "Linear", 
        "value": 0.018220911505304263
    }, 
    "Ar37": {
        "error": 0.009241714109396705, 
        "filter_outliers_dict": {
            "filter_outliers": true, 
            "iterations": 1, 
            "std_devs": 2
        }, 
        "fit": "linear", 
        "value": 0.06113284375244346
    }, 
    "Ar38": {
        "error": 0.004692511107880551, 
        "filter_outliers_dict": {
            "filter_outliers": true, 
            "iterations": 1, 
            "std_devs": 2
        }, 
        "fit": "linear", 
        "value": 0.41959909357098163
    }, 
    "Ar39": {
        "error": 0.01556704641067527, 
        "filter_outliers_dict": {
            "filter_outliers": true, 
            "iterations": 1, 
            "std_devs": 2
        }, 
        "fit": "Linear", 
        "value": 32.67302040717132
    }, 
    "Ar40": {
        "error": 0.0232727156774734, 
        "filter_outliers_dict": {
            "filter_outliers": true, 
            "iterations": 1, 
            "std_devs": 2
        }, 
        "fit": "Linear", 
        "value": 139.74963843565658
    }, 
    "PM41": {
        "error": 0.07142578810446044, 
        "filter_outliers_dict": {
            "filter_outliers": false, 
            "iterations": 1, 
            "std_devs": 2
        }, 
        "fit": "linear", 
        "value": -0.14744382393866143
    }
}