{
    "Ar36": {
        "error": 0.00032213825788661053, 
        "filter_outliers_dict": {
            "filter_outliers": true, 
            "iterations": 1, 
            "std_devs": 2
        }, 
        "fit": "Parabolic", 
        "value": 0.027675426997445355
    }, 
    "Ar37": {
        "error": 0.00536424573014791, 
        "filter_outliers_dict": {
            "filter_outliers": true, 
            "iterations": 1, 
            "std_devs": 2
        }, 
        "fit": "linear", 
        "value": 0.050927620733006204
    }, 
    "Ar38": {
        "error": 0.002155913718332613, 
        "filter_outliers_dict": {
            "filter_outliers": true, 
            "iterations": 1, 
            "std_devs": 2
        }, 
        "fit": "linear", 
        "value": 0.8055749620404073
    }, 
    "Ar39": {
        "error": 0.013821505281666008, 
        "filter_outliers_dict": {
            "filter_outliers": true, 
            "iterations": 1, 
            "std_devs": 2
        }, 
        "fit": "Parabolic", 
        "value": 63.268459612767764
    }, 
    "Ar40": {
        "error": 0.03645026580667287, 
        "filter_outliers_dict": {
            "filter_outliers": true, 
            "iterations": 1, 
            "std_devs": 2
        }, 
        "fit": "Parabolic", 
        "value": 785.8844948220276
    }, 
    "PM41": {
        "error": 0.06624000887104037, 
        "filter_outliers_dict": {
            "filter_outliers": false, 
            "iterations": 1, 
            "std_devs": 2
        }, 
        "fit": "linear", 
        "value": -0.1404298537973548
    }
}